ID,District,Neighborhood,NeighborhoodCityState,Latitude,Longitude,ViolentCrimes,CrimesPer1000,Population,White,Blk_AfAm,AmInd_AkNa,Asian,NatHaw_Pac,Other_Race,TwoOrMore,Hisp_Lat,Male,Female,AGE0_4,AGE5_11,AGE12_14,AGE15_17,AGE18_24,AGE25_34,AGE35_44,AGE45_64,AGE65ovr,Families,Married,Married18,MaleHH,MaleHH18,FemaleHH,FemaleHH18,Housing,Occupied,Occ_Own,Occ_Rent,Vacant,Vac_Rent,Vac_Sale,Vac_Other
1,"NORTHERN","ABELL","ABELL Baltimore MD",39.324474,-76.610944,149,168,889,606,213,3,33,1,4,29,30,424,465,55,43,5,10,118,254,149,186,69,159,105,41,12,4,42,19,515,440,248,192,75,49,4,22
2,"SOUTHWEST","ALLENDALE","ALLENDALE Baltimore MD",39.291798,-76.6752,470,132,3554,18,3497,8,6,0,5,20,21,1536,2018,179,315,136,181,317,383,315,1039,689,874,253,62,111,34,510,193,1608,1433,818,615,175,99,20,56
3,"NORTHEAST","ARCADIA","ARCADIA Baltimore MD",39.331811,-76.564717,66,53,1235,623,537,4,12,0,10,49,31,592,643,101,85,40,55,116,188,164,380,106,305,194,79,23,9,88,40,510,462,356,106,48,14,9,25
4,"NORTHWEST","ARLINGTON","ARLINGTON Baltimore MD",39.348165,-76.68314,306,118,2598,33,2496,3,9,0,10,47,17,1219,1379,148,237,92,114,231,297,305,775,399,585,215,63,76,28,294,130,1312,1079,485,594,233,64,24,145
5,"NORTHEAST","ARMISTEAD GARDENS","ARMISTEAD GARDENS Baltimore MD",39.304972,-76.553158,252,73,3458,2698,108,51,14,8,413,166,841,1621,1837,266,330,113,125,272,496,438,929,489,877,431,164,115,47,331,160,1543,1459,981,478,84,26,17,41
6,"NORTHWEST","ASHBURTON","ASHBURTON Baltimore MD",39.326771,-76.674478,158,63,2520,33,2431,6,4,0,15,31,39,1082,1438,106,178,79,103,192,214,250,791,607,625,326,99,65,21,234,78,1202,1097,787,310,105,18,14,73
7,"SOUTHEAST","BALTIMORE HIGHLANDS","BALTIMORE HIGHLANDS Baltimore MD",39.29358,-76.564717,561,208,2703,1023,700,63,75,11,693,138,1117,1485,1218,253,203,85,95,358,569,413,500,227,514,194,90,108,35,212,119,1148,876,302,574,272,98,45,129
8,"EASTERN","BARCLAY","BARCLAY Baltimore MD",39.315,-76.611666,422,193,2181,302,1764,10,23,0,35,47,78,1149,1032,127,129,42,57,255,368,280,740,183,379,119,24,52,10,208,97,1490,955,223,732,535,127,33,375
9,"SOUTHERN","BARRE CIRCLE","BARRE CIRCLE Baltimore MD",39.284705,-76.627914,65,144,450,228,154,6,34,0,12,16,14,224,226,14,19,7,10,82,165,62,65,26,69,49,14,7,5,13,5,245,209,98,111,36,11,3,22
10,"SOUTHEAST","BAYVIEW","BAYVIEW Baltimore MD",39.291562,-76.545882,103,46,2263,1481,234,7,123,0,342,76,519,1151,1112,189,133,53,74,221,479,284,522,308,502,285,124,76,31,141,62,1114,968,520,448,146,60,20,66
11,"SOUTHWEST","BEECHFIELD","BEECHFIELD Baltimore MD",39.276234,-76.700461,228,61,3708,363,3216,7,29,0,20,73,87,1638,2070,256,372,174,161,384,573,484,1051,253,970,404,161,95,46,471,266,1554,1440,888,552,114,74,13,27
12,"NORTHEAST","BELAIR-EDISON","BELAIREDISON Baltimore MD",39.321528,-76.574831,1552,93,16690,1338,14958,38,81,1,77,197,199,7500,9190,1134,1734,794,873,1825,2251,2145,4675,1259,4157,1457,491,382,155,2318,1191,6710,5986,4107,1879,724,238,104,382
13,"NORTHEAST","BELAIR-PARKSIDE","BELAIRPARKSIDE Baltimore MD",39.329793,-76.566524,34,77,444,108,299,1,7,0,1,28,10,197,247,24,51,18,33,33,68,54,119,44,106,55,19,5,3,46,23,183,157,121,36,26,5,8,13
14,"NORTHERN","BELLONA-GITTINGS","BELLONAGITTINGS Baltimore MD",39.369133,-76.622498,6,10,599,481,64,0,35,0,2,17,19,286,313,38,58,20,21,32,39,69,191,131,178,159,63,8,2,11,5,265,246,211,35,19,6,6,7
15,"EASTERN","BEREA","BEREA Baltimore MD",39.310566,-76.579165,395,102,3865,32,3784,11,7,0,5,26,35,1749,2116,234,319,133,185,362,382,421,1092,737,930,280,72,119,34,531,193,1815,1518,815,703,297,115,16,166
16,"NORTHERN","BETTER WAVERLY","BETTER WAVERLY Baltimore MD",39.323246,-76.605889,524,182,2874,389,2363,9,27,0,28,58,92,1251,1623,224,260,109,118,306,507,361,790,199,606,173,63,82,39,351,186,1383,1149,434,715,234,60,29,145
17,"NORTHEAST","BEVERLY HILLS","BEVERLY HILLS Baltimore MD",39.339274,-76.570244,45,67,669,389,265,1,3,0,8,3,13,309,360,36,46,20,25,44,95,96,234,73,170,112,39,10,4,48,22,317,289,237,52,28,4,6,18
18,"EASTERN","BIDDLE STREET","BIDDLE STREET Baltimore MD",39.304462,-76.58995,126,100,1265,8,1239,0,2,0,6,10,10,601,664,97,129,44,66,139,126,155,315,194,314,78,23,39,4,197,84,601,429,208,221,172,45,4,123
19,"NORTHERN","BLYTHEWOOD","BLYTHEWOOD Baltimore MD",39.351377,-76.627336,5,69,72,67,0,0,0,0,0,5,3,38,34,2,12,2,5,1,2,12,20,16,21,19,8,2,0,0,0,28,26,26,0,2,0,0,2
20,"CENTRAL","BOLTON HILL","BOLTON HILL Baltimore MD",39.308315,-76.625387,357,72,4974,2807,1581,10,361,2,53,160,163,2215,2759,139,152,49,41,1496,708,479,1070,840,613,439,125,48,22,126,54,2883,2589,693,1896,294,177,8,109
21,"SOUTHWEST","BOOTH-BOYD","BOOTHBOYD Baltimore MD",39.287226,-76.649574,89,108,822,25,776,3,1,0,0,17,8,408,414,60,94,26,40,98,106,89,232,77,187,39,13,21,9,127,54,430,275,74,201,155,9,10,136
22,"WESTERN","BRADDISH AVE./PANWAY","BRADDISH AVEPANWAY Baltimore MD",39.304809,-76.660799,87,71,1221,10,1197,1,0,2,0,11,4,508,713,62,90,63,60,123,129,151,359,184,313,102,31,26,10,185,77,574,507,343,164,67,22,8,37
23,"SOUTHEAST","BREWERS HILL","BREWERS HILL Baltimore MD",39.280238,-76.566274,177,117,1511,1249,56,24,39,1,104,38,171,737,774,79,56,24,19,129,526,200,309,169,289,182,49,38,16,69,24,754,691,477,214,63,16,18,29
24,"WESTERN","BRIDGEVIEW/GREENLAWN","BRIDGEVIEWGREENLAWN Baltimore MD",39.301479,-76.654266,249,126,1975,7,1943,4,2,0,1,18,11,874,1101,119,162,61,84,183,223,243,663,237,460,141,33,61,19,258,101,927,848,394,454,79,25,7,47
25,"EASTERN","BROADWAY EAST","BROADWAY EAST Baltimore MD",39.30903,-76.587833,675,137,4931,117,4681,15,17,2,15,84,65,2217,2714,456,478,205,245,547,571,588,1272,569,1082,243,85,141,55,698,351,2617,1680,642,1038,937,219,39,679
26,"SOUTHERN","BROOKLYN","BROOKLYN Baltimore MD",39.238196,-76.603722,1324,132,9996,4788,4051,52,148,2,502,453,1149,4870,5126,1055,1163,378,390,1132,1740,1237,2242,659,2279,937,423,320,171,1022,647,4343,3597,1282,2315,746,450,103,193
27,"NORTHWEST","BURLEITH-LEIGHTON","BURLEITHLEIGHTON Baltimore MD",39.319443,-76.660763,82,111,737,5,711,2,0,0,0,19,3,330,407,55,57,23,26,70,90,72,211,133,187,55,12,23,4,109,40,327,291,196,95,36,4,3,29
28,"SOUTHEAST","BUTCHERS HILL","BUTCHERS HILL Baltimore MD",39.293012,-76.58711,267,141,1889,1320,349,45,68,0,70,37,130,932,957,123,63,29,28,191,634,328,361,132,351,238,79,22,9,91,34,1025,888,454,434,137,42,38,57
29,"NORTHWEST","CALLAWAY-GARRISON","CALLAWAYGARRISON Baltimore MD",39.33254,-76.680253,142,79,1798,35,1720,9,7,0,7,20,11,819,979,97,130,57,70,197,224,233,516,274,443,174,44,52,16,217,73,769,657,368,289,112,14,9,89
30,"NORTHERN","CAMERON VILLAGE","CAMERON VILLAGE Baltimore MD",39.356969,-76.600111,114,79,1435,48,1353,7,0,1,11,15,32,642,793,101,127,41,67,145,215,169,414,156,368,139,41,39,18,190,104,725,630,335,295,95,47,7,41
31,"SOUTHWEST","CARROLL-SOUTH HILTON","CARROLLSOUTH HILTON Baltimore MD",39.282833,-76.672138,213,155,1370,40,1315,1,1,0,1,12,13,630,740,84,131,44,62,142,177,169,367,194,340,101,24,47,15,192,76,625,518,315,203,107,27,11,69
32,"SOUTHERN","CARROLLTON RIDGE","CARROLLTON RIDGE Baltimore MD",39.282956,-76.648491,694,190,3645,1222,2162,10,80,1,65,105,108,1752,1893,327,467,173,198,393,484,507,878,218,782,234,108,136,61,412,242,1988,1145,322,823,843,176,51,616
33,"NORTHERN","CEDARCROFT","CEDARCROFT Baltimore MD",39.369948,-76.613111,26,36,726,633,45,1,28,0,3,16,25,352,374,54,101,26,21,31,35,127,236,95,192,175,94,2,1,15,9,277,263,237,26,14,5,4,5
34,"NORTHEAST","CEDMONT","CEDMONT Baltimore MD",39.346256,-76.535817,320,123,2594,1175,1307,10,50,0,16,36,66,1226,1368,174,214,96,117,205,365,391,757,275,626,382,166,57,20,187,78,1074,976,796,180,98,33,25,40
35,"NORTHEAST","CEDONIA","CEDONIA Baltimore MD",39.330631,-76.532927,184,55,3316,176,3051,4,15,0,21,49,63,1467,1849,232,298,136,149,364,483,415,940,299,857,391,136,65,29,401,196,1428,1295,742,553,133,77,20,36
36,"NORTHWEST","CENTRAL FOREST PARK","CENTRAL FOREST PARK Baltimore MD",39.326451,-76.688192,109,86,1273,48,1205,1,7,0,1,11,18,606,667,82,100,36,64,121,149,124,374,223,261,119,44,28,8,114,43,571,418,222,196,153,78,19,56
37,"NORTHWEST","CENTRAL PARK HEIGHTS","CENTRAL PARK HEIGHTS Baltimore MD",39.344276,-76.671591,581,96,6026,109,5774,11,15,0,22,95,85,2746,3280,492,570,225,297,731,774,713,1572,652,1355,368,97,180,69,807,392,2829,1994,846,1148,835,175,36,624
38,"CENTRAL","CHARLES NORTH","CHARLES NORTH Baltimore MD",39.331223,-76.618009,415,392,1059,216,666,5,100,1,39,32,60,608,451,26,17,6,10,94,209,152,390,155,104,58,10,16,5,30,13,916,716,51,665,200,117,11,72
39,"NORTHERN","CHARLES VILLAGE","CHARLES VILLAGE Baltimore MD",39.32005,-76.616721,833,94,8906,5187,1313,20,1883,9,151,343,491,4676,4230,146,58,26,47,4562,1792,731,1087,457,612,454,111,55,12,103,53,4265,3725,619,3106,540,372,30,138
40,"SOUTHERN","CHERRY HILL","CHERRY HILL Baltimore MD",39.251097,-76.626831,998,119,8367,238,7919,16,21,1,62,110,140,3431,4936,949,1242,398,375,1013,1228,759,1710,693,2096,397,149,193,82,1506,1015,3441,3199,547,2652,242,127,12,103
41,"NORTHWEST","CHESWOLDE","CHESWOLDE Baltimore MD",39.368212,-76.680253,141,19,7270,5654,1053,12,391,11,43,106,170,3296,3974,693,626,248,220,714,1301,733,1353,1382,1661,1354,611,70,30,237,125,3445,3291,1311,1980,154,74,30,50
42,"NORTHERN","CHINQUAPIN PARK/BELV","CHINQUAPIN PARKBELV Baltimore MD",39.363923,-76.596937,117,89,1309,134,1121,14,7,1,6,26,23,584,725,75,93,50,47,116,140,170,421,197,352,177,48,27,12,148,57,551,525,456,69,26,11,7,8
43,"NORTHERN","COLDSPRING","COLDSPRING Baltimore MD",39.347359,-76.654266,151,147,1029,165,790,5,35,0,4,30,17,413,616,52,57,22,27,51,109,149,300,262,201,124,49,12,6,65,28,630,608,321,287,22,11,3,8
44,"NORTHEAST","COLDSTREAM HOMESTEAD","COLDSTREAM HOMESTEAD Baltimore MD",39.325452,-76.595782,840,116,7266,118,6972,21,31,0,16,108,102,3337,3929,489,732,310,365,818,911,842,1917,882,1714,486,151,211,63,1017,432,3140,2428,1257,1171,712,208,60,444
45,"NORTHWEST","CONCERNED CITIZENS O","CONCERNED CITIZENS O Baltimore MD",39.403527,-76.609135,119,103,1153,12,1126,1,2,0,1,11,12,523,630,58,97,48,65,138,122,118,341,166,288,98,33,30,13,160,59,546,432,238,194,114,44,20,50
46,"WESTERN","COPPIN HEIGHTS/ASHBU","COPPIN HEIGHTSASHBU Baltimore MD",39.306914,-76.657154,296,111,2660,13,2592,7,10,3,7,28,20,1210,1450,189,273,119,131,295,316,292,719,326,604,164,43,79,21,361,159,1269,891,457,434,378,78,28,272
47,"NORTHWEST","CROSS COUNTRY","CROSS COUNTRY Baltimore MD",39.362118,-76.682725,97,19,5157,4039,822,2,175,0,50,69,111,2340,2817,483,614,242,251,461,674,481,1015,936,1143,921,457,58,26,164,85,2130,1989,1037,952,141,64,32,45
48,"NORTHERN","CROSS KEYS","CROSS KEYS Baltimore MD",39.353994,-76.645603,42,49,856,725,85,0,25,1,5,15,15,344,512,9,18,4,1,17,89,60,272,386,169,143,18,3,1,23,5,729,625,497,128,104,18,20,66
49,"SOUTHERN","CURTIS BAY","CURTIS BAY Baltimore MD",39.220858,-76.586388,488,120,4063,2512,1086,30,104,0,88,243,227,2028,2035,386,395,113,122,430,706,528,1051,332,943,456,170,144,67,343,189,1904,1528,618,910,376,232,48,96
50,"NORTHERN","CYLBURN","CYLBURN Baltimore MD",39.348366,-76.662929,173,73,2357,43,2245,18,5,0,12,34,26,1065,1292,154,208,99,84,211,284,247,671,399,591,213,55,62,20,316,138,1047,950,523,427,97,35,9,53
51,"EASTERN","DARLEY PARK","DARLEY PARK Baltimore MD",39.315801,-76.593972,140,115,1218,7,1189,1,6,0,0,15,7,585,633,94,128,57,61,138,144,145,312,139,278,76,24,34,15,168,66,525,378,181,197,147,42,10,95
52,"SOUTHWEST","DICKEYVILLE","DICKEYVILLE Baltimore MD",39.318995,-76.703582,2,13,156,143,9,0,0,0,1,3,6,73,83,12,5,0,1,3,15,19,67,34,33,28,9,1,0,4,1,88,84,81,3,4,0,0,4
53,"NORTHWEST","DOLFIELD","DOLFIELD Baltimore MD",39.335541,-76.674972,202,94,2156,48,2065,12,10,0,4,17,17,931,1225,147,175,75,90,191,251,251,610,366,517,168,46,45,20,304,132,935,792,396,396,143,41,9,93
54,"NORTHWEST","DORCHESTER/GRAN-BARR","DORCHESTERGRANBARR Baltimore MD",39.290385,-76.612189,219,129,1700,17,1659,3,6,0,3,12,17,797,903,128,146,87,87,172,211,181,479,209,396,131,52,57,22,208,88,760,598,301,297,162,30,7,125
55,"CENTRAL","DOWNTOWN","DOWNTOWN Baltimore MD",39.292007,-76.616721,2480,558,4448,2161,1126,12,927,6,65,151,234,2259,2189,98,40,21,17,1017,1999,512,634,110,417,310,75,37,14,70,31,3228,2600,137,2463,628,349,133,146
56,"CENTRAL","DRUID HEIGHTS","DRUID HEIGHTS Baltimore MD",39.309108,-76.637661,287,192,1497,19,1454,5,4,0,2,13,11,732,765,105,129,68,72,165,193,162,432,171,292,64,22,46,16,182,90,1074,591,173,418,483,55,22,406
57,"EASTERN","DUNBAR","DUNBAR Baltimore MD",39.295489,-76.598474,489,550,889,47,734,1,91,0,1,15,8,343,546,75,102,24,28,154,166,74,197,69,170,25,11,9,3,136,80,385,367,1,366,18,14,0,4
58,"NORTHWEST","EAST ARLINGTON","EAST ARLINGTON Baltimore MD",39.331198,-76.668704,140,58,2432,18,2368,0,8,2,8,28,27,1036,1396,160,231,96,95,248,342,289,640,331,635,196,69,82,30,357,167,1067,1000,481,519,67,41,11,15
59,"EASTERN","EAST BALTIMORE MIDWA","EAST BALTIMORE MIDWA Baltimore MD",39.31471,-76.603722,600,198,3034,40,2924,13,20,0,0,37,13,1407,1627,227,291,122,120,337,364,365,824,384,708,195,57,83,25,430,164,1556,1019,511,508,537,142,43,352
60,"WESTERN","EASTERWOOD","EASTERWOOD Baltimore MD",39.30807,-76.650657,185,116,1596,31,1539,6,3,0,1,16,26,727,869,114,160,73,85,182,204,177,412,189,353,93,27,41,16,219,108,775,561,291,270,214,39,5,170
61,"SOUTHEAST","EASTWOOD","EASTWOOD Baltimore MD",39.285771,-76.541598,23,40,577,486,25,1,10,1,29,25,74,281,296,34,40,14,16,58,101,81,144,89,137,84,31,19,7,34,13,270,253,188,65,17,4,6,7
62,"SOUTHWEST","EDMONDSON VILLAGE","EDMONDSON VILLAGE Baltimore MD",39.296847,-76.680253,542,138,3940,30,3832,6,2,0,4,66,32,1712,2228,272,298,185,179,464,475,404,1043,620,1044,334,89,100,33,610,274,1666,1493,943,550,173,64,19,90
63,"NORTHEAST","EDNOR GARDENS-LAKESI","EDNOR GARDENSLAKESI Baltimore MD",39.330432,-76.5965,351,68,5185,802,4153,10,93,0,25,102,70,2284,2901,290,363,159,167,375,699,683,1464,985,1244,646,188,95,39,503,181,2410,2261,1604,657,149,72,29,48
64,"SOUTHEAST","ELLWOOD PARK/MONUMEN","ELLWOOD PARKMONUMEN Baltimore MD",39.263302,-76.579906,556,155,3580,415,2647,44,72,7,276,119,501,1738,1842,323,416,163,180,486,601,435,795,181,789,217,77,94,46,478,261,1363,1047,365,682,316,175,26,115
65,"NORTHERN","EVERGREEN","EVERGREEN Baltimore MD",39.346496,-76.630441,26,68,382,348,9,2,9,0,0,14,9,182,200,26,41,3,8,12,53,77,126,36,98,76,38,6,1,16,9,216,185,128,57,31,10,7,14
66,"WESTERN","EVERGREEN LAWN","EVERGREEN LAWN Baltimore MD",39.2971,-76.654988,79,70,1132,10,1082,2,3,0,8,27,19,523,609,72,88,39,59,114,115,130,345,170,273,102,35,36,8,135,51,441,399,283,116,42,8,3,31
67,"SOUTHWEST","FAIRMOUNT","FAIRMOUNT Baltimore MD",39.309043,-76.680974,50,144,347,10,322,7,1,0,3,4,2,166,181,21,22,4,11,32,29,42,101,85,82,40,5,11,3,31,7,164,143,104,39,21,8,5,8
68,"NORTHWEST","FALLSTAFF","FALLSTAFF Baltimore MD",39.363583,-76.706234,174,41,4219,1575,2031,23,102,25,382,81,589,1958,2261,343,331,140,176,431,607,494,1109,588,965,525,225,123,39,317,160,1935,1789,649,1140,146,108,13,25
69,"SOUTHERN","FEDERAL HILL/MONTGOM","FEDERAL HILLMONTGOM Baltimore MD",39.279304,-76.611666,339,130,2600,2315,132,5,86,0,13,49,79,1349,1251,123,71,9,19,358,933,345,537,205,424,366,102,23,9,35,16,1554,1395,670,725,159,83,27,49
70,"NORTHWEST","FOREST PARK","FOREST PARK Baltimore MD",39.326451,-76.688192,158,101,1560,25,1504,8,1,0,5,17,35,681,879,96,102,45,64,177,169,180,500,227,367,137,38,46,21,184,59,933,667,275,392,266,54,6,206
71,"NORTHWEST","FOREST PARK/GOLF COU","FOREST PARKGOLF COU Baltimore MD",39.321033,-76.699922,18,46,392,11,376,0,0,0,2,3,9,185,207,34,36,9,14,45,35,45,103,71,93,34,9,18,7,41,15,136,126,105,21,10,1,1,8
72,"NORTHEAST","FOUR BY FOUR","FOUR BY FOUR Baltimore MD",39.282868,-76.602219,120,95,1261,27,1197,1,3,0,10,23,16,587,674,104,164,65,64,157,175,167,256,109,300,83,35,28,14,189,101,463,391,192,199,72,35,9,28
73,"WESTERN","FRANKLIN SQUARE","FRANKLIN SQUARE Baltimore MD",39.289935,-76.642715,382,129,2967,98,2728,22,11,0,62,46,108,1432,1535,249,275,103,118,324,369,351,859,319,649,144,39,84,38,421,207,1861,1172,296,876,689,168,23,498
74,"SOUTHWEST","FRANKLINTOWN ROAD","FRANKLINTOWN ROAD Baltimore MD",39.304718,-76.686943,192,99,1940,5,1885,5,8,0,6,31,31,909,1031,136,157,71,98,210,218,183,553,314,425,117,33,55,19,253,110,962,793,338,455,169,59,33,77
75,"NORTHWEST","GARWYN OAKS","GARWYN OAKS Baltimore MD",39.31691,-76.677365,136,120,1132,19,1100,0,1,0,0,12,6,520,612,71,107,37,46,126,120,142,330,153,247,107,27,22,11,118,49,673,404,196,208,269,18,13,238
76,"EASTERN","GAY STREET","GAY STREET Baltimore MD",39.292498,-76.608708,236,118,1998,21,1943,0,13,0,3,18,16,775,1223,227,288,104,90,229,262,171,359,268,441,70,33,25,9,346,240,927,800,83,717,127,50,5,72
77,"NORTHWEST","GLEN","GLEN Baltimore MD",39.355373,-76.690357,383,49,7876,2949,4624,16,72,6,92,117,154,3605,4271,511,693,293,322,703,797,767,2103,1687,1822,1055,404,160,63,607,227,3630,3381,1641,1740,249,107,42,100
78,"NORTHERN","GLEN OAKS","GLEN OAKS Baltimore MD",39.366098,-76.5965,193,67,2887,212,2558,11,37,4,11,54,55,1282,1605,202,284,117,125,405,397,357,785,215,735,287,124,82,36,366,195,1300,1171,538,633,129,82,15,32
79,"NORTHEAST","GLENHAM-BELFORD","GLENHAMBELFORD Baltimore MD",39.349394,-76.551713,434,70,6175,2314,3573,31,59,1,43,154,124,2805,3370,390,543,242,304,554,855,860,1725,702,1476,775,326,138,67,563,305,2674,2422,1715,707,252,84,56,112
80,"SOUTHEAST","GRACELAND PARK","GRACELAND PARK Baltimore MD",39.282204,-76.532927,261,130,2011,1444,224,39,71,0,162,71,410,997,1014,137,157,45,55,205,312,215,562,323,465,296,93,52,14,117,51,830,741,551,190,89,31,24,34
81,"SOUTHEAST","GREEKTOWN","GREEKTOWN Baltimore MD",39.28513,-76.552436,370,101,3678,2401,251,41,56,11,777,141,1293,1925,1753,289,281,124,86,346,844,454,777,477,827,508,199,115,41,204,99,1510,1309,664,645,201,98,38,65
82,"EASTERN","GREENMOUNT WEST","GREENMOUNT WEST Baltimore MD",39.30918,-76.610944,203,152,1339,331,960,5,20,0,2,21,14,697,642,83,86,35,30,215,289,164,342,95,241,72,23,37,10,132,68,854,570,135,435,284,102,16,166
83,"NORTHERN","GREENSPRING","GREENSPRING Baltimore MD",39.337837,-76.660042,233,68,3436,22,3357,5,7,1,3,41,17,1512,1924,338,347,152,173,400,445,360,799,422,856,235,72,94,43,527,281,1513,1187,576,611,326,130,56,140
84,"NORTHWEST","GROVE PARK","GROVE PARK Baltimore MD",39.340315,-76.703347,123,64,1934,21,1859,10,4,0,5,35,19,832,1102,126,129,76,83,201,218,197,517,387,489,192,54,53,21,244,124,945,871,406,465,74,38,5,31
85,"NORTHERN","GUILFORD","GUILFORD Baltimore MD",39.341543,-76.615277,113,51,2214,1810,221,2,100,3,16,62,70,1099,1115,132,218,80,79,139,134,327,775,330,610,552,232,13,6,45,20,941,876,791,85,65,7,7,51
86,"SOUTHWEST","GWYNNS FALLS","GWYNNS FALLS Baltimore MD",39.277653,-76.668704,242,204,1184,641,479,9,3,0,12,40,51,593,591,85,116,47,58,117,167,166,327,101,285,137,52,49,22,99,47,511,439,244,195,72,19,8,45
87,"NORTHWEST","HANLON/LONGWOOD","HANLONLONGWOOD Baltimore MD",39.316626,-76.669426,310,134,2311,23,2222,2,2,0,18,44,35,1029,1282,123,216,89,101,211,290,269,641,371,564,183,53,66,22,315,122,1133,898,533,365,235,60,25,150
88,"WESTERN","HARLEM PARK","HARLEM PARK Baltimore MD",39.297249,-76.639827,480,131,3654,43,3524,7,22,0,6,52,29,1747,1907,236,287,118,128,400,419,405,1011,650,715,176,56,112,31,427,220,2648,1579,345,1234,1069,203,38,828
89,"NORTHERN","HARWOOD","HARWOOD Baltimore MD",39.320098,-76.611666,198,126,1575,324,1174,5,25,0,10,37,44,717,858,117,133,66,59,214,281,230,350,125,331,128,40,34,13,169,83,749,570,303,267,179,62,19,98
90,"CENTRAL","HERITAGE CROSSING","HERITAGE CROSSING Baltimore MD",39.296625,-76.628997,106,103,1029,30,958,2,17,0,5,17,25,428,601,102,123,34,45,139,145,128,252,61,254,61,26,27,16,166,104,446,437,156,281,9,5,0,4
91,"NORTHEAST","HILLEN","HILLEN Baltimore MD",39.339949,-76.590722,165,70,2344,110,2178,2,10,0,10,34,24,1085,1259,146,187,89,91,277,289,260,669,336,584,254,76,62,27,268,111,980,898,679,219,82,39,20,23
92,"NORTHERN","HOES HEIGHTS","HOES HEIGHTS Baltimore MD",39.340246,-76.636939,78,90,865,626,145,4,56,2,8,24,28,421,444,51,38,16,19,62,185,142,232,120,209,134,48,26,4,49,23,461,428,272,156,33,10,6,17
93,"SOUTHERN","HOLLINS PARK","HOLLINS PARK Baltimore MD",39.287329,-76.643736,294,160,1838,561,1169,6,39,1,21,41,53,947,891,101,130,49,63,205,412,303,474,101,343,128,47,55,11,160,94,1144,853,220,633,291,86,31,174
94,"NORTHERN","HOMELAND","HOMELAND Baltimore MD",39.357503,-76.621054,125,39,3201,2782,232,5,116,0,18,48,80,1558,1643,256,311,101,108,232,230,502,1028,433,827,742,380,23,14,62,29,1191,1143,1019,124,48,11,15,22
95,"NORTHWEST","HOWARD PARK","HOWARD PARK Baltimore MD",39.331218,-76.694693,448,76,5929,174,5588,16,19,0,36,96,104,2737,3192,305,442,224,242,519,609,714,1799,1075,1438,671,185,146,44,621,235,2578,2335,1521,814,243,84,26,133
96,"SOUTHWEST","HUNTING RIDGE","HUNTING RIDGE Baltimore MD",39.292607,-76.701915,128,99,1296,365,882,3,4,1,5,36,25,613,683,96,98,45,36,107,146,192,398,178,349,214,85,31,13,104,45,616,563,398,165,53,26,12,15
97,"NORTHEAST","IDLEWOOD","IDLEWOOD Baltimore MD",39.370107,-76.589134,87,33,2676,349,2228,1,25,1,23,49,65,1200,1476,173,256,114,129,253,401,384,754,212,700,316,146,64,24,320,160,1144,1084,848,236,60,15,34,11
98,"EASTERN","JOHNSTON SQUARE","JOHNSTON SQUARE Baltimore MD",39.303745,-76.608055,328,172,1906,36,1831,7,3,0,11,18,20,867,1039,112,154,80,87,197,189,200,640,247,452,114,32,49,17,289,103,1054,793,337,456,261,27,18,216
99,"SOUTHEAST","JONESTOWN","JONESTOWN Baltimore MD",39.290322,-76.602278,318,233,1367,318,918,8,67,0,21,35,63,786,581,101,122,28,33,120,302,185,433,43,228,80,37,13,8,135,84,432,381,127,254,51,30,13,8
100,"NORTHERN","KENILWORTH PARK","KENILWORTH PARK Baltimore MD",39.354273,-76.598023,110,91,1206,25,1167,1,2,0,3,8,10,546,660,74,98,37,51,96,130,152,349,219,325,156,38,30,9,139,63,545,494,315,179,51,27,7,17
101,"NORTHERN","KERNEWOOD","KERNEWOOD Baltimore MD",39.345917,-76.614555,43,59,726,326,354,0,19,0,12,15,20,330,396,46,63,35,34,66,76,92,219,95,166,99,52,16,6,51,23,321,256,200,56,65,8,4,53
102,"NORTHERN","KESWICK","KESWICK Baltimore MD",39.342121,-76.631163,15,23,650,553,42,0,39,0,0,16,13,294,356,34,44,20,13,22,63,106,212,136,181,151,54,6,3,24,12,322,313,273,40,9,3,1,5
103,"SOUTHEAST","KRESSON","KRESSON Baltimore MD",39.296005,-76.558215,120,273,440,201,116,2,13,0,97,11,145,247,193,30,36,17,18,54,92,72,97,24,86,31,17,19,4,36,22,191,152,47,105,39,19,4,16
104,"NORTHERN","LAKE WALKER","LAKE WALKER Baltimore MD",39.369657,-76.605167,80,38,2095,1063,762,3,89,5,119,54,183,955,1140,174,116,40,32,288,393,282,513,257,419,242,108,48,23,129,66,1190,1059,424,635,131,96,11,24
105,"NORTHERN","LAKE-EVESHAM","LAKEEVESHAM Baltimore MD",39.366296,-76.614555,20,37,543,427,90,2,5,0,3,16,11,275,268,39,47,12,13,80,72,88,142,50,123,87,41,9,4,27,19,253,228,146,82,25,8,10,7
106,"SOUTHERN","LAKELAND","LAKELAND Baltimore MD",39.254894,-76.648491,553,122,4551,1370,2509,12,132,3,421,104,889,2289,2262,403,537,195,216,492,813,590,968,337,1069,469,217,158,85,442,257,1739,1581,736,845,158,85,22,51
107,"NORTHWEST","LANGSTON HUGHES","LANGSTON HUGHES Baltimore MD",39.343287,-76.679531,126,122,1036,9,1006,0,0,0,8,13,12,492,544,67,115,44,42,111,112,126,290,129,236,76,24,24,13,136,55,435,332,175,157,103,30,9,64
108,"NORTHERN","LEVINDALE","LEVINDALE Baltimore MD",39.353797,-76.665817,140,115,1218,180,1018,5,1,0,0,14,10,564,654,39,53,22,34,75,72,87,352,484,197,82,14,20,5,95,41,531,493,182,311,38,31,0,7
109,"NORTHWEST","LIBERTY SQUARE","LIBERTY SQUARE Baltimore MD",39.321656,-76.657876,153,199,770,9,740,1,2,0,9,9,3,323,447,41,42,15,35,74,88,91,214,170,174,52,14,25,5,97,41,405,371,83,288,34,16,3,15
110,"SOUTHEAST","LITTLE ITALY","LITTLE ITALY Baltimore MD",39.2845,-76.601556,115,200,576,494,21,0,21,0,21,19,50,300,276,27,6,2,1,51,169,91,134,95,105,72,17,12,1,21,3,393,322,172,150,71,33,16,22
111,"NORTHEAST","LOCH RAVEN","LOCH RAVEN Baltimore MD",39.388162,-76.569689,353,57,6163,505,5422,4,120,0,22,90,110,2557,3606,347,474,191,216,653,914,701,1647,1020,1401,614,184,125,53,662,322,2978,2838,1143,1695,140,62,23,55
112,"SOUTHERN","LOCUST POINT","LOCUST POINT Baltimore MD",39.268051,-76.591059,64,30,2138,2019,27,7,53,1,10,21,37,1081,1057,117,55,23,30,173,714,319,508,199,461,355,103,39,10,67,18,1292,1046,741,305,246,40,127,79
113,"NORTHERN","LOYOLA/NOTRE DAME","LOYOLANOTRE DAME Baltimore MD",39.34985,-76.617008,56,17,3208,2780,188,7,108,1,40,84,158,1195,2013,2,0,2,6,3132,32,3,22,9,13,11,4,1,0,1,0,15,15,13,2,0,0,0,0
114,"NORTHWEST","LUCILLE PARK","LUCILLE PARK Baltimore MD",39.340404,-76.676644,78,138,567,9,548,3,1,0,0,6,5,301,266,40,48,11,24,64,59,99,172,50,110,26,8,11,5,73,28,220,159,75,84,61,7,1,53
115,"EASTERN","MADISON EASTEND","MADISON EASTEND Baltimore MD",39.300753,-76.576998,289,116,2487,54,2371,10,6,0,15,31,53,1141,1346,271,297,112,152,293,316,294,555,197,599,151,54,66,27,382,200,916,746,312,434,170,73,6,91
116,"CENTRAL","MADISON PARK","MADISON PARK Baltimore MD",39.305717,-76.630441,361,169,2134,305,1730,8,31,2,9,49,38,986,1148,191,215,62,65,317,379,237,502,166,403,93,25,39,20,271,191,1316,1033,101,932,283,147,13,123
117,"NORTHEAST","MAYFIELD","MAYFIELD Baltimore MD",39.328406,-76.579165,48,56,861,638,166,1,17,0,3,36,24,404,457,59,43,25,27,63,96,126,328,94,224,172,66,10,3,42,18,375,354,319,35,21,2,9,10
118,"SOUTHEAST","MCELDERRY PARK","MCELDERRY PARK Baltimore MD",39.297436,-76.581332,730,181,4033,382,3238,33,48,0,190,142,473,1916,2117,411,524,202,230,533,615,522,790,206,877,229,107,109,43,539,325,1719,1172,341,831,547,187,52,308
119,"NORTHERN","MEDFIELD","MEDFIELD Baltimore MD",39.339812,-76.644159,143,52,2748,2074,337,7,216,0,48,66,113,1323,1425,141,158,77,58,251,671,425,669,298,634,419,149,50,28,165,84,1406,1327,787,540,79,39,17,23
120,"SOUTHEAST","MEDFORD","MEDFORD Baltimore MD",39.2788,-76.547378,76,54,1412,664,379,16,35,2,251,65,423,721,691,107,101,25,46,165,281,202,342,143,317,152,50,56,21,109,56,610,578,202,376,32,21,2,9
121,"NORTHERN","MID-GOVANS","MIDGOVANS Baltimore MD",39.359807,-76.608055,164,112,1465,135,1271,2,21,0,1,35,18,661,804,103,150,66,77,153,188,185,390,153,352,149,58,30,14,173,78,596,512,349,163,84,27,13,44
122,"CENTRAL","MID-TOWN BELVEDERE","MIDTOWN BELVEDERE Baltimore MD",39.304755,-76.616721,543,142,3830,2298,1001,17,329,0,39,146,178,1957,1873,66,45,9,15,655,1468,520,761,291,365,261,37,42,9,62,21,3005,2550,413,2137,455,263,31,161
123,"EASTERN","MIDDLE EAST","MIDDLE EAST Baltimore MD",39.298833,-76.587833,708,477,1484,54,1408,2,6,0,8,6,26,667,817,117,152,41,63,158,174,146,376,257,313,86,23,43,15,184,100,913,628,155,473,285,32,7,246
124,"WESTERN","MIDTOWN EDMONDSON","MIDTOWN EDMONDSON Baltimore MD",39.296043,-76.651379,218,131,1663,19,1623,1,1,0,5,14,7,807,856,102,174,56,88,206,199,179,474,185,382,99,26,50,12,233,94,1112,544,211,333,568,28,10,530
125,"EASTERN","MILTON-MONTFORD","MILTONMONTFORD Baltimore MD",39.300323,-76.584221,288,207,1391,21,1305,9,10,0,23,23,39,623,768,153,162,58,61,200,188,154,327,88,315,67,33,56,17,192,92,744,416,139,277,328,39,6,283
126,"WESTERN","MONDAWMIN","MONDAWMIN Baltimore MD",39.314226,-76.654266,656,187,3512,41,3374,13,13,2,14,55,51,1488,2024,180,256,115,136,902,370,314,786,453,643,178,51,92,27,373,160,1522,1145,478,667,377,79,11,287
127,"NORTHEAST","MONTEBELLO","MONTEBELLO Baltimore MD",39.322787,-76.5965,22,188,117,19,84,0,1,0,8,5,8,53,64,24,19,8,4,5,23,11,19,4,7,5,3,1,1,1,0,22,16,11,5,6,3,0,3
128,"NORTHEAST","MORAVIA-WALTHER","MORAVIAWALTHER Baltimore MD",39.339455,-76.564717,54,54,999,375,582,3,5,0,3,31,21,473,526,63,79,33,38,88,113,177,312,96,256,159,66,16,9,81,37,432,409,338,71,23,8,9,6
129,"NORTHEAST","MORGAN PARK","MORGAN PARK Baltimore MD",39.346774,-76.578855,9,35,256,3,243,0,0,0,0,10,1,113,143,11,15,7,8,17,23,27,76,72,69,45,6,3,1,21,5,121,114,100,14,7,2,0,5
130,"SOUTHWEST","MORRELL PARK","MORRELL PARK Baltimore MD",39.26755,-76.658598,763,181,4204,3208,586,26,132,9,114,129,217,2058,2146,277,349,162,124,393,685,543,1153,518,977,561,195,104,45,312,141,1832,1688,1127,561,144,27,30,87
131,"WESTERN","MOSHER","MOSHER Baltimore MD",39.297386,-76.662929,225,142,1589,15,1542,7,4,0,0,21,17,701,888,124,156,68,80,199,170,171,410,211,387,87,30,61,22,239,100,786,548,233,315,238,68,12,158
132,"SOUTHWEST","MOUNT HOLLY","MOUNT HOLLY Baltimore MD",39.312532,-76.678087,222,174,1279,21,1238,0,2,0,5,13,14,656,623,71,98,49,71,113,142,178,415,142,283,93,28,47,16,143,70,705,495,195,300,210,85,9,116
133,"CENTRAL","MOUNT VERNON","MOUNT VERNON Baltimore MD",39.299319,-76.613833,795,165,4818,2842,1257,12,458,3,67,179,229,2379,2439,71,38,14,24,1053,1740,521,670,687,424,291,46,35,14,98,38,3860,3352,241,3111,508,298,7,203
134,"NORTHERN","MOUNT WASHINGTON","MOUNT WASHINGTON Baltimore MD",39.36221,-76.661485,199,51,3878,2804,822,11,81,3,37,120,107,1760,2118,221,312,144,132,155,443,580,1253,638,1001,802,330,45,22,154,85,1721,1649,1298,351,72,17,27,28
135,"SOUTHERN","MOUNT WINANS","MOUNT WINANS Baltimore MD",39.261491,-76.644881,54,72,748,21,709,3,3,0,0,12,15,323,425,59,85,26,36,74,85,86,207,90,192,55,15,17,6,120,55,372,286,179,107,86,9,2,75
136,"NORTHEAST","NEW NORTHWOOD","NEW NORTHWOOD Baltimore MD",39.348268,-76.5965,326,66,4972,134,4677,7,30,1,46,77,102,2272,2700,286,313,154,231,1013,611,529,1148,687,1174,467,123,107,41,600,264,2092,1940,959,981,152,73,24,55
137,"SOUTHERN","NEW SOUTHWEST/MOUNT CLARE","NEW SOUTHWESTMOUNT CLARE Baltimore MD",39.28706,-76.639783,281,121,2313,764,1190,27,67,0,165,100,267,1143,1170,224,260,109,112,260,361,305,528,154,456,148,76,97,33,211,123,1141,751,257,494,390,46,49,295
138,"NORTHEAST","NORTH HARFORD ROAD","NORTH HARFORD ROAD Baltimore MD",39.366969,-76.538708,189,35,5380,3437,1672,13,50,2,99,107,251,2583,2797,356,429,160,171,442,808,842,1487,685,1352,875,353,138,50,339,153,2421,2221,1780,441,200,63,51,86
139,"NORTHERN","NORTH ROLAND PARK/POPLAR HILL","NORTH ROLAND PARKPOPLAR HILL Baltimore MD",39.366058,-76.639827,33,23,1450,992,169,1,262,0,1,25,19,708,742,70,100,57,58,106,170,196,440,253,364,310,123,10,5,44,29,663,620,361,259,43,13,10,20
140,"SOUTHWEST","NORTHWEST COMMUNITY","NORTHWEST COMMUNITY Baltimore MD",39.305924,-76.665095,245,129,1896,18,1823,5,0,0,3,47,25,846,1050,129,199,92,86,226,196,233,508,227,415,110,39,52,13,253,116,782,616,326,290,166,39,11,116
141,"NORTHERN","OAKENSHAWE","OAKENSHAWE Baltimore MD",39.329908,-76.613833,81,71,1144,823,130,2,134,1,18,36,50,604,540,49,53,18,15,280,218,169,249,93,180,132,55,16,7,32,14,575,505,262,243,70,30,17,23
142,"SOUTHWEST","OAKLEE","OAKLEE Baltimore MD",39.268376,-76.684944,59,78,754,445,241,4,27,1,12,24,41,364,390,41,60,14,9,101,185,98,182,64,163,79,28,29,13,55,21,405,384,107,277,21,15,2,4
143,"SOUTHEAST","ODONNELL HEIGHTS","ODONNELL HEIGHTS Baltimore MD",39.278122,-76.541598,81,106,763,80,653,1,0,0,6,23,37,273,490,115,134,45,47,85,111,65,123,38,206,13,6,8,2,185,130,289,275,6,269,14,2,3,9
144,"EASTERN","OLDTOWN","OLDTOWN Baltimore MD",39.297418,-76.603,352,132,2658,35,2535,2,38,1,3,44,11,1068,1590,286,367,110,129,232,405,243,636,250,632,102,31,49,21,481,335,1231,1177,168,1009,54,28,9,17
145,"EASTERN","OLIVER","OLIVER Baltimore MD",39.307831,-76.599389,577,139,4153,55,4016,6,11,1,8,56,39,1896,2257,302,342,172,228,460,455,460,1210,524,932,189,62,132,39,611,281,2514,1591,594,997,923,111,39,773
146,"EASTERN","ORANGEVILLE","ORANGEVILLE Baltimore MD",39.298718,-76.549687,107,530,202,145,25,2,1,1,17,11,23,99,103,15,11,8,4,24,27,29,55,29,44,30,11,6,1,8,4,101,85,62,23,16,2,7,7
147,"NORTHEAST","ORIGINAL NORTHWOOD","ORIGINAL NORTHWOOD Baltimore MD",39.340625,-76.5965,66,53,1241,465,684,7,14,1,25,45,55,645,596,72,76,29,33,84,186,148,400,213,280,181,70,22,6,77,31,545,518,376,142,27,6,8,13
148,"SOUTHERN","OTTERBEIN","OTTERBEIN Baltimore MD",39.282191,-76.614555,126,69,1823,1406,282,8,78,4,19,26,50,826,997,68,44,10,14,112,323,179,461,612,336,279,61,13,5,44,19,1275,1162,439,723,113,61,10,42
149,"NORTHEAST","OVERLEA","OVERLEA Baltimore MD",39.358969,-76.517786,33,43,774,506,235,3,6,0,13,11,21,381,393,43,59,25,33,43,104,113,251,103,174,101,41,21,3,52,31,324,297,236,61,27,6,7,14
150,"NORTHWEST","PARK CIRCLE","PARK CIRCLE Baltimore MD",39.327643,-76.660042,231,73,3153,65,3006,10,9,1,21,41,44,1463,1690,213,264,125,157,293,341,321,976,463,652,195,69,80,19,377,149,1560,1270,426,844,290,80,35,175
151,"NORTHERN","PARKLANE","PARKLANE Baltimore MD",39.352139,-76.630622,158,77,2049,46,1967,9,7,0,4,16,20,905,1144,176,197,77,92,231,289,215,523,249,509,151,54,64,23,294,154,814,719,324,395,95,36,6,53
152,"NORTHEAST","PARKSIDE","PARKSIDE Baltimore MD",39.326672,-76.564545,182,68,2683,281,2231,10,88,0,14,59,28,1261,1422,178,240,101,110,329,408,369,777,171,694,278,114,74,26,342,165,1190,1113,575,538,77,40,12,25
153,"SOUTHEAST","PATTERSON PLACE","PATTERSON PLACE Baltimore MD",39.293588,-76.58386,197,169,1165,558,413,14,32,1,114,33,270,602,563,78,92,31,35,130,336,200,205,58,223,104,46,32,15,87,44,573,432,211,221,141,55,38,48
154,"NORTHERN","PEN LUCY","PEN LUCY Baltimore MD",39.339089,-76.605167,227,74,3078,152,2838,16,4,3,20,45,43,1383,1695,245,265,117,140,331,455,384,826,315,680,211,75,86,38,383,201,1483,1250,438,812,233,160,24,49
155,"EASTERN","PEN-FALLSWAY","PENFALLSWAY Baltimore MD",39.296818,-76.608778,380,59,6423,967,5374,5,9,3,52,13,147,5866,557,9,25,7,107,1524,1916,1434,1352,49,0,0,0,0,0,0,0,5,1,0,1,4,4,0,0
156,"WESTERN","PENN NORTH","PENN NORTH Baltimore MD",39.312883,-76.642715,535,290,1846,19,1780,3,5,0,4,35,10,849,997,153,154,82,95,201,228,243,467,223,392,109,51,54,15,229,95,1074,686,244,442,388,75,6,307
157,"SOUTHWEST","PENROSE/FAYETTE ST OUTREACH","PENROSEFAYETTE ST OUTREACH Baltimore MD",39.288932,-76.651268,499,153,3266,41,3167,11,2,0,4,41,22,1554,1712,203,278,131,151,364,346,341,926,526,737,202,43,106,23,429,167,1579,1174,540,634,405,63,16,326
158,"SOUTHEAST","PERKINS HOMES","PERKINS HOMES Baltimore MD",39.28765,-76.595778,165,100,1649,26,1584,12,0,0,5,22,16,645,1004,200,305,94,98,194,265,151,279,63,411,32,15,24,10,355,282,636,614,3,611,22,16,0,6
159,"NORTHEAST","PERRING LOCH","PERRING LOCH Baltimore MD",39.352012,-76.584944,134,44,3014,116,2839,6,9,0,9,35,28,1327,1687,178,236,113,122,308,303,339,921,494,797,411,89,48,15,338,120,1164,1124,1005,119,40,4,8,28
160,"NORTHWEST","PIMLICO GOOD NEIGHBO","PIMLICO GOOD NEIGHBO Baltimore MD",39.352959,-76.678132,133,121,1102,30,1048,0,3,0,12,9,12,517,585,60,82,46,42,118,90,117,310,237,248,87,21,28,12,133,51,506,449,233,216,57,11,5,41
161,"SOUTHEAST","PLEASENT VIEW GARDENS","PLEASENT VIEW GARDENS Baltimore MD",39.293425,-76.601556,112,157,713,7,699,1,0,0,2,4,4,266,447,53,68,28,41,77,79,57,164,146,176,26,11,11,1,139,67,352,331,23,308,21,3,0,18
162,"WESTERN","POPPLETON","POPPLETON Baltimore MD",39.291476,-76.634051,411,132,3105,74,2980,8,4,0,8,31,25,1388,1717,267,372,134,149,313,406,295,803,366,674,111,39,60,26,503,305,1625,1263,209,1054,362,89,5,268
163,"NORTHWEST","PURNELL","PURNELL Baltimore MD",39.320432,-76.707754,30,35,849,26,809,3,5,0,2,4,8,366,483,73,117,36,33,86,217,122,140,25,214,77,38,22,17,115,84,341,325,17,308,16,11,0,5
164,"NORTHERN","RADNOR-WINSTON","RADNORWINSTON Baltimore MD",39.34957,-76.613111,42,61,684,419,230,1,11,0,5,18,22,312,372,39,72,21,14,94,44,107,193,100,150,101,49,8,3,41,24,239,229,163,66,10,3,2,5
165,"NORTHEAST","RAMBLEWOOD","RAMBLEWOOD Baltimore MD",39.362876,-76.590722,105,62,1705,100,1568,3,10,0,0,24,9,776,929,83,140,82,68,180,215,199,570,168,449,234,78,37,11,178,78,686,654,560,94,32,5,17,10
166,"NORTHWEST","REISTERSTOWN STATION","REISTERSTOWN STATION Baltimore MD",39.352284,-76.707677,594,302,1968,131,1700,8,26,2,52,49,116,898,1070,113,144,65,83,210,285,246,602,220,483,203,69,44,14,236,88,912,840,349,491,72,57,5,10
167,"NORTHERN","REMINGTON","REMINGTON Baltimore MD",39.320657,-76.622701,264,107,2458,1440,643,8,213,0,63,91,113,1279,1179,120,155,71,70,394,608,323,533,184,463,232,76,70,27,161,69,1250,1072,521,551,178,70,32,76
168,"CENTRAL","RESERVOIR HILL","RESERVOIR HILL Baltimore MD",39.314423,-76.634051,598,97,6140,522,5415,30,22,0,23,128,112,2862,3278,465,557,207,200,596,958,786,1857,514,1280,390,129,168,61,722,416,3840,2904,685,2219,936,393,114,429
169,"NORTHERN","RICHNOR SPRINGS","RICHNOR SPRINGS Baltimore MD",39.346348,-76.607333,64,95,676,6,649,8,2,0,0,11,2,288,388,38,70,26,27,55,83,80,185,112,164,53,16,18,3,93,36,297,256,169,87,41,24,2,15
170,"SOUTHERN","RIDGELYS DELIGHT","RIDGELYS DELIGHT Baltimore MD",39.284645,-76.624664,102,115,884,578,203,3,66,1,9,24,32,453,431,33,21,6,11,162,388,101,123,39,114,78,21,9,4,27,10,477,416,147,269,61,26,3,32
171,"SOUTHERN","RIVERSIDE","RIVERSIDE Baltimore MD",39.272906,-76.608365,320,56,5671,5275,122,6,143,2,33,90,159,2847,2824,301,161,38,44,690,2163,867,987,420,1096,873,257,76,18,147,42,3116,2820,1799,1021,296,97,85,114
172,"SOUTHWEST","ROGNEL HEIGHTS","ROGNEL HEIGHTS Baltimore MD",39.295302,-76.688914,229,135,1695,20,1632,9,6,0,5,23,24,767,928,73,116,53,71,148,146,212,462,414,463,185,38,54,9,224,76,724,668,529,139,56,18,12,26
173,"NORTHERN","ROSEBANK","ROSEBANK Baltimore MD",39.363412,-76.611666,65,165,394,191,175,4,4,0,2,18,8,181,213,19,28,9,7,32,72,71,122,34,85,50,18,10,6,25,13,233,204,103,101,29,17,0,12
174,"SOUTHWEST","ROSEMONT","ROSEMONT Baltimore MD",39.306041,-76.671591,365,118,3102,17,3021,5,3,0,10,46,22,1452,1650,301,399,167,151,327,428,292,741,296,710,163,54,98,26,449,238,1233,1031,468,563,202,76,16,110
175,"NORTHEAST","ROSEMONT AVENUE","ROSEMONT AVENUE Baltimore MD",39.356228,-76.534415,132,71,1871,724,1032,19,30,1,10,55,28,882,989,78,172,75,94,152,273,245,553,229,446,235,92,47,25,164,82,888,808,472,336,80,28,7,45
176,"WESTERN","ROSEMONT HOMEOWNERS","ROSEMONT HOMEOWNERS Baltimore MD",39.293895,-76.615349,196,134,1460,14,1413,3,0,0,9,21,11,679,781,102,120,62,79,157,137,153,431,219,335,100,23,46,16,189,67,635,497,288,209,138,44,4,90
177,"NORTHERN","SABINA-MATTFELDT","SABINAMATTFELDT Baltimore MD",39.365241,-76.649213,32,186,172,156,5,0,6,0,0,5,2,79,93,6,14,5,1,6,20,38,54,28,43,35,13,0,0,8,6,92,86,74,12,6,0,5,1
178,"SOUTHWEST","SAINT AGNES","SAINT AGNES Baltimore MD",39.275051,-76.673757,87,130,671,325,322,5,4,0,5,10,12,307,364,21,33,22,15,39,46,75,184,236,88,48,17,12,8,28,14,307,299,104,195,8,2,1,5
179,"SOUTHEAST","SAINT HELENA","SAINT HELENA Baltimore MD",39.262356,-76.532204,54,90,602,496,55,6,0,5,18,22,41,276,326,43,43,21,22,60,91,81,174,67,142,80,27,16,11,46,20,251,230,144,86,21,8,6,7
180,"SOUTHWEST","SAINT JOSEPHS","SAINT JOSEPHS Baltimore MD",39.285815,-76.676926,230,113,2032,35,1940,4,4,0,7,42,16,895,1137,125,191,94,81,193,233,203,585,327,517,154,38,63,15,300,105,848,720,507,213,128,42,19,67
181,"WESTERN","SANDTOWN-WINCHESTER","SANDTOWNWINCHESTER Baltimore MD",39.304127,-76.644159,991,116,8534,95,8304,7,20,0,13,95,51,3747,4787,694,886,352,429,997,1075,1023,2272,806,1901,398,139,233,84,1270,660,4096,3053,1186,1867,1043,156,34,853
182,"CENTRAL","SETON HILL","SETON HILL Baltimore MD",39.295567,-76.625387,335,268,1249,168,1036,5,14,0,1,25,30,513,736,104,106,33,49,139,204,142,354,118,248,62,20,15,3,171,116,731,646,100,546,85,49,8,28
183,"SOUTHERN","SHARP LEADENHALL","SHARP LEADENHALL Baltimore MD",39.278703,-76.617443,104,127,822,221,561,1,18,0,2,19,12,390,432,74,83,29,36,145,190,81,134,50,172,44,14,13,6,115,82,376,350,87,263,26,10,6,10
184,"SOUTHWEST","SHIPLEY HILL","SHIPLEY HILL Baltimore MD",39.286513,-76.657154,274,130,2110,56,2008,2,8,2,3,31,9,991,1119,183,207,73,120,237,262,243,558,227,487,123,47,71,20,293,150,1097,724,254,470,373,47,24,302
185,"EASTERN","SOUTH CLIFTON PARK","SOUTH CLIFTON PARK Baltimore MD",39.313575,-76.588555,200,271,737,5,715,5,0,0,2,10,4,334,403,43,69,34,32,77,69,90,204,119,169,47,16,30,9,92,23,342,253,152,101,89,18,10,61
186,"NORTHEAST","STONEWOOD-PENTWOOD-W","STONEWOODPENTWOODW Baltimore MD",39.348241,-76.589269,56,40,1405,147,1208,4,7,0,10,29,31,540,865,58,73,28,36,600,138,93,217,162,228,96,21,22,7,110,36,351,322,237,85,29,16,3,10
187,"NORTHEAST","TAYLOR HEIGHTS","TAYLOR HEIGHTS Baltimore MD",39.368837,-76.532927,7,19,365,268,67,4,9,0,13,4,28,187,178,15,25,6,11,40,53,52,110,53,93,58,17,4,2,31,9,158,153,113,40,5,1,2,2
188,"SOUTHWEST","TEN HILLS","TEN HILLS Baltimore MD",39.284273,-76.701082,111,78,1416,529,792,1,30,5,15,44,40,673,743,81,102,55,46,152,231,182,427,140,347,228,94,25,15,94,52,683,649,278,371,34,9,7,18
189,"NORTHERN","THE ORCHARDS","THE ORCHARDS Baltimore MD",39.367259,-76.628275,12,24,494,433,32,2,19,0,1,7,9,241,253,33,69,15,19,12,18,74,179,75,154,135,65,4,1,15,10,197,191,187,4,6,0,2,4
190,"NORTHWEST","TOWANDA-GRANTLEY","TOWANDAGRANTLEY Baltimore MD",39.337119,-76.667977,148,112,1322,17,1284,4,0,0,1,16,6,638,684,86,116,41,57,151,149,171,389,162,320,92,18,43,11,185,82,613,460,209,251,153,39,10,104
191,"SOUTHWEST","TREMONT","TREMONT Baltimore MD",39.283495,-76.694326,61,64,958,58,882,2,3,2,2,9,4,434,524,59,86,40,31,137,154,104,279,68,247,92,27,22,9,133,68,422,389,204,185,33,18,2,13
192,"NORTHERN","TUSCANY-CANTERBURY","TUSCANYCANTERBURY Baltimore MD",39.338563,-76.622498,52,15,3413,2380,153,1,790,1,21,67,122,1609,1804,102,48,9,18,803,808,317,630,678,568,490,105,22,5,56,17,2370,2160,763,1397,210,115,21,74
193,"WESTERN","UNION SQUARE","UNION SQUARE Baltimore MD",39.286663,-76.641993,160,135,1187,323,781,13,19,0,14,37,37,654,533,63,86,31,39,118,200,198,370,82,194,95,32,27,10,72,42,738,446,188,258,292,69,40,183
194,"CENTRAL","UNIVERSITY OF MARYLA","UNIVERSITY OF MARYLA Baltimore MD",39.255676,-76.710967,153,395,387,204,93,2,77,0,2,9,12,197,190,5,6,3,3,101,183,38,42,6,23,14,1,2,2,7,3,287,229,4,225,58,25,0,33
195,"SOUTHWEST","UPLANDS","UPLANDS Baltimore MD",39.28754,-76.690718,66,80,820,15,790,1,6,0,2,6,10,354,466,54,75,32,37,79,89,90,255,109,208,93,32,11,5,104,39,325,301,240,61,24,4,7,13
196,"SOUTHEAST","UPPER FELLS POINT","UPPER FELLS POINT Baltimore MD",39.288635,-76.587833,387,100,3851,2904,264,13,142,1,387,140,832,1994,1857,227,139,50,55,503,1298,635,666,278,678,444,167,101,27,133,55,2157,1797,933,864,360,112,89,159
197,"CENTRAL","UPTON","UPTON Baltimore MD",39.301676,-76.634051,842,147,5746,78,5546,13,8,3,20,78,73,2508,3238,559,750,251,262,634,700,584,1353,653,1191,201,85,133,55,857,538,3232,2406,329,2077,826,149,20,657
198,"NORTHERN","VILLAGES OF HOMELAND","VILLAGES OF HOMELAND Baltimore MD",39.355702,-76.645724,4,7,562,429,66,1,51,0,4,12,21,210,352,19,23,4,9,182,89,72,125,40,72,49,19,3,3,19,11,317,290,165,125,27,14,5,9
199,"SOUTHWEST","VIOLETVILLE","VIOLETVILLE Baltimore MD",39.266676,-76.673035,302,121,2506,2056,307,8,42,4,24,65,72,1094,1412,145,140,81,71,159,376,289,549,696,530,352,126,61,25,117,56,1156,1083,708,375,73,23,22,28
200,"SOUTHWEST","WAKEFIELD","WAKEFIELD Baltimore MD",39.312607,-76.698026,108,61,1772,68,1643,4,13,0,17,27,33,713,1059,135,154,54,70,225,266,185,465,218,384,89,34,44,22,251,155,1037,948,24,924,89,75,1,13
201,"SOUTHWEST","WALBROOK","WALBROOK Baltimore MD",39.310806,-76.668704,349,143,2443,37,2374,3,5,0,1,23,19,1154,1289,138,203,79,135,252,262,268,713,393,532,164,43,60,22,308,123,1151,916,466,450,235,103,29,103
202,"NORTHEAST","WALTHERSON","WALTHERSON Baltimore MD",39.343534,-76.556048,364,52,6980,1982,4683,13,78,1,67,156,130,3292,3688,421,624,298,315,650,946,1033,2096,597,1662,933,365,166,71,563,275,2953,2614,2024,590,339,86,69,184
203,"SOUTHEAST","WASHINGTON HILL","WASHINGTON HILL Baltimore MD",39.2902,-76.595778,504,256,1969,590,1046,17,124,2,122,68,248,939,1030,121,132,55,38,211,483,299,493,137,373,166,57,39,11,168,89,1060,914,372,542,146,83,20,43
204,"SOUTHERN","WASHINGTON VILLAGE","WASHINGTON VILLAGE Baltimore MD",39.281275,-76.634051,823,161,5116,2034,2611,12,265,1,60,133,177,2550,2566,380,409,141,185,553,1130,738,1155,425,1089,450,167,139,48,500,269,2720,2093,1028,1065,627,159,108,360
205,"NORTHERN","WAVERLY","WAVERLY Baltimore MD",39.332166,-76.605889,236,85,2789,431,2219,8,46,1,26,58,71,1296,1493,196,228,111,121,304,461,332,787,249,646,236,80,64,26,346,155,1269,1079,638,441,190,88,22,80
206,"NORTHEAST","WEST ARLINGTON","WEST ARLINGTON Baltimore MD",39.338977,-76.6918,195,96,2041,22,1973,6,4,0,16,20,27,951,1090,105,136,69,100,211,195,246,636,343,497,211,58,46,17,240,90,895,757,451,306,138,33,12,93
207,"NORTHWEST","WEST FOREST PARK","WEST FOREST PARK Baltimore MD",39.321134,-76.6918,199,83,2408,89,2271,5,4,0,10,29,26,1036,1372,180,217,82,82,272,334,284,633,324,633,203,68,53,20,377,198,1149,1014,388,626,135,63,9,63
208,"NORTHEAST","WESTFIELD","WESTFIELD Baltimore MD",39.359582,-76.551713,214,68,3141,1585,1377,13,42,4,26,94,110,1502,1639,203,284,102,150,233,429,523,890,327,799,470,198,73,29,256,120,1386,1243,989,254,143,31,47,65
209,"SOUTHWEST","WESTGATE","WESTGATE Baltimore MD",39.284221,-76.703347,156,58,2683,709,1882,9,20,1,11,51,30,1268,1415,184,233,90,105,264,430,370,709,298,664,319,120,79,34,266,148,1145,1087,512,575,58,35,7,16
210,"NORTHERN","WILSON PARK","WILSON PARK Baltimore MD",39.343463,-76.604444,115,182,632,13,598,2,7,0,1,11,3,283,349,43,54,35,29,73,80,64,175,80,148,56,16,21,5,70,37,259,224,144,80,35,14,2,19
211,"SOUTHWEST","WINCHESTER","WINCHESTER Baltimore MD",39.304127,-76.644159,126,89,1420,16,1373,4,0,0,5,22,12,643,777,120,140,64,70,164,189,163,333,177,333,92,32,39,9,202,95,613,492,238,254,121,28,3,90
212,"NORTHWEST","WINDSOR HILLS","WINDSOR HILLS Baltimore MD",39.317915,-76.686027,165,106,1552,81,1435,4,3,1,2,26,15,701,851,96,104,69,63,159,151,184,470,256,389,182,58,38,15,169,60,723,618,407,211,105,23,22,60
213,"NORTHERN","WINSTON-GOVANS","WINSTONGOVANS Baltimore MD",39.349617,-76.608055,98,73,1341,74,1218,10,2,0,5,32,26,601,740,99,138,50,67,149,153,178,353,154,288,117,49,25,11,146,64,582,475,271,204,107,32,11,64
214,"NORTHERN","WOODBERRY","WOODBERRY Baltimore MD",39.331773,-76.649414,87,62,1406,953,349,11,31,0,14,48,56,659,747,62,64,18,21,74,311,229,350,277,266,173,47,30,9,63,22,728,615,360,255,113,87,5,21
215,"NORTHEAST","WOODBOURNE HEIGHTS","WOODBOURNE HEIGHTS Baltimore MD",39.357398,-76.592889,107,60,1795,48,1674,0,10,0,17,46,38,781,1014,119,129,62,57,242,256,189,551,190,436,178,44,43,16,215,103,853,786,311,475,67,52,3,12
216,"NORTHERN","WOODBOURNE MCCABE","WOODBOURNE MCCABE Baltimore MD",39.352717,-76.607333,96,106,908,20,864,3,1,0,5,15,10,389,519,75,96,40,45,105,122,102,209,114,211,77,28,24,12,110,49,378,300,178,122,78,12,8,58
217,"NORTHWEST","WOODMERE","WOODMERE Baltimore MD",39.346287,-76.688914,400,192,2080,46,1995,1,7,0,4,27,18,901,1179,111,141,86,98,188,216,251,631,358,555,223,52,49,12,283,103,914,821,571,250,93,25,9,59
218,"NORTHERN","WYNDHURST","WYNDHURST Baltimore MD",39.357407,-76.631163,25,36,702,616,31,0,24,0,4,27,24,338,364,42,78,27,21,30,79,131,212,82,166,134,75,9,4,23,12,343,312,182,130,31,11,3,17
